journey,Documents/seamansguide.com/journey
poem,Documents/seamansguide.com/poem
quest,Documents/seamansguide.com/quest
leverage,Documents/seamansguide.com/leverage
webapps,Documents/seamansguide.com/webapps
tech,Documents/shrinking-world.com/blog
write,Documents/seamanslog.com/write
sampler,Documents/seamanslog.com/sampler
spiritual,Documents/spiritual-things.org/daily
mark,Documents/markseaman.org
family,Documents/seamanfamily.org
today,Documents/markseaman.org/today
org,Documents/shrinking-world.org
ghost,Documents/Shrinking-World-Pubs/GhostWriter/Pub
private,Documents/markseaman.info
io,Documents/shrinking-world.io/ghost.org
ai,Documents/shrinking-world.com/ai
cellbiology,Documents/Shrinking-World-Pubs/MolecularCellBiology/Pub
sweng,Documents/Shrinking-World-Pubs/SoftwareEngineering/Pub
innovation,Documents/Shrinking-World-Pubs/Innovation/Pub
analytics,Documents/Shrinking-World-Pubs/DataAnalytics/Pub
